Entity,Code,Year,ChildMortalityRate
Australia,AUS,1921,8.900341899999999
Australia,AUS,1922,7.0894627
Australia,AUS,1923,7.95230704
Australia,AUS,1924,7.62476995
Australia,AUS,1925,7.02232234
Australia,AUS,1926,7.09359818
Australia,AUS,1927,7.31127322
Australia,AUS,1928,7.210626840000001
Australia,AUS,1929,6.89907088
Australia,AUS,1930,6.453668620000001
Australia,AUS,1931,5.514029860000001
Australia,AUS,1932,5.44795036
Australia,AUS,1933,5.393827900000001
Australia,AUS,1934,5.871189360000001
Australia,AUS,1935,5.422720000000001
Australia,AUS,1936,5.6202818400000005
Australia,AUS,1937,5.11333501
Australia,AUS,1938,5.113621
Australia,AUS,1939,5.0986585600000005
Australia,AUS,1940,5.04807184
Australia,AUS,1941,5.275078270000001
Australia,AUS,1942,5.174450740000001
Australia,AUS,1943,5.039005800000001
Australia,AUS,1944,4.14796141
Australia,AUS,1945,3.8011332000000007
Australia,AUS,1946,3.8553144400000003
Australia,AUS,1947,3.5737200700000002
Australia,AUS,1948,3.3836132800000005
Australia,AUS,1949,3.2200000000000006
Australia,AUS,1950,3.16
Australia,AUS,1951,3.1
Australia,AUS,1952,3.0300000000000002
Australia,AUS,1953,2.95
Australia,AUS,1954,2.87
Australia,AUS,1955,2.8000000000000003
Australia,AUS,1956,2.7300000000000004
Australia,AUS,1957,2.66
Australia,AUS,1958,2.6
Australia,AUS,1959,2.54
Australia,AUS,1960,2.49
Australia,AUS,1961,2.43
Australia,AUS,1962,2.37
Australia,AUS,1963,2.32
Australia,AUS,1964,2.27
Australia,AUS,1965,2.2399999999999998
Australia,AUS,1966,2.2100000000000004
Australia,AUS,1967,2.2
Australia,AUS,1968,2.19
Australia,AUS,1969,2.17
Australia,AUS,1970,2.14
Australia,AUS,1971,2.09
Australia,AUS,1972,2.02
Australia,AUS,1973,1.9300000000000002
Australia,AUS,1974,1.8399999999999999
Australia,AUS,1975,1.7300000000000002
Australia,AUS,1976,1.62
Australia,AUS,1977,1.5300000000000002
Australia,AUS,1978,1.4400000000000002
Australia,AUS,1979,1.36
Australia,AUS,1980,1.3
Australia,AUS,1981,1.26
Australia,AUS,1982,1.22
Australia,AUS,1983,1.1900000000000002
Australia,AUS,1984,1.16
Australia,AUS,1985,1.1300000000000001
Australia,AUS,1986,1.1
Australia,AUS,1987,1.06
Australia,AUS,1988,1.02
Australia,AUS,1989,0.97
Australia,AUS,1990,0.9199999999999999
Australia,AUS,1991,0.86
Australia,AUS,1992,0.81
Australia,AUS,1993,0.77
Australia,AUS,1994,0.73
Australia,AUS,1995,0.7000000000000001
Australia,AUS,1996,0.68
Australia,AUS,1997,0.66
Australia,AUS,1998,0.65
Australia,AUS,1999,0.6400000000000001
Australia,AUS,2000,0.6200000000000001
Australia,AUS,2001,0.61
Australia,AUS,2002,0.6000000000000001
Australia,AUS,2003,0.6000000000000001
Australia,AUS,2004,0.5900000000000001
Australia,AUS,2005,0.5700000000000001
Australia,AUS,2006,0.5599999999999999
Australia,AUS,2007,0.54
Australia,AUS,2008,0.52
Australia,AUS,2009,0.5
Australia,AUS,2010,0.48
Australia,AUS,2011,0.45
Australia,AUS,2012,0.43
Australia,AUS,2013,0.41
Australia,AUS,2014,0.39
Australia,AUS,2015,0.38
Canada,CAN,1921,14.433528000000003
Canada,CAN,1922,14.421573100000002
Canada,CAN,1923,14.243449680000001
Canada,CAN,1924,12.804192280000002
Canada,CAN,1925,12.331361950000002
Canada,CAN,1926,13.341426400000001
Canada,CAN,1927,12.5433855
Canada,CAN,1928,12.092493500000002
Canada,CAN,1929,12.785118400000002
Canada,CAN,1930,12.5124472
Canada,CAN,1931,11.662621960000001
Canada,CAN,1932,9.974437120000001
Canada,CAN,1933,9.40532512
Canada,CAN,1934,9.31814755
Canada,CAN,1935,9.2538196
Canada,CAN,1936,8.698203340000001
Canada,CAN,1937,10.39373818
Canada,CAN,1938,8.696585670000001
Canada,CAN,1939,8.13013409
Canada,CAN,1940,7.813771560000001
Canada,CAN,1941,8.095173280000001
Canada,CAN,1942,7.37570485
Canada,CAN,1943,7.08172539
Canada,CAN,1944,6.92931984
Canada,CAN,1945,6.17498548
Canada,CAN,1946,6.16778416
Canada,CAN,1947,6.0300658
Canada,CAN,1948,5.42430288
Canada,CAN,1949,5.13
Canada,CAN,1950,4.870000000000001
Canada,CAN,1951,4.62
Canada,CAN,1952,4.39
Canada,CAN,1953,4.18
Canada,CAN,1954,3.99
Canada,CAN,1955,3.83
Canada,CAN,1956,3.7
Canada,CAN,1957,3.58
Canada,CAN,1958,3.4700000000000006
Canada,CAN,1959,3.3700000000000006
Canada,CAN,1960,3.2600000000000002
Canada,CAN,1961,3.16
Canada,CAN,1962,3.0500000000000003
Canada,CAN,1963,2.94
Canada,CAN,1964,2.8200000000000003
Canada,CAN,1965,2.7100000000000004
Canada,CAN,1966,2.6
Canada,CAN,1967,2.5
Canada,CAN,1968,2.39
Canada,CAN,1969,2.3000000000000003
Canada,CAN,1970,2.2
Canada,CAN,1971,2.1
Canada,CAN,1972,1.99
Canada,CAN,1973,1.9000000000000001
Canada,CAN,1974,1.8
Canada,CAN,1975,1.7000000000000002
Canada,CAN,1976,1.6
Canada,CAN,1977,1.51
Canada,CAN,1978,1.42
Canada,CAN,1979,1.33
Canada,CAN,1980,1.25
Canada,CAN,1981,1.1800000000000002
Canada,CAN,1982,1.1199999999999999
Canada,CAN,1983,1.06
Canada,CAN,1984,1.01
Canada,CAN,1985,0.97
Canada,CAN,1986,0.9400000000000001
Canada,CAN,1987,0.91
Canada,CAN,1988,0.8800000000000001
Canada,CAN,1989,0.86
Canada,CAN,1990,0.8300000000000001
Canada,CAN,1991,0.8
Canada,CAN,1992,0.77
Canada,CAN,1993,0.7400000000000001
Canada,CAN,1994,0.7200000000000001
Canada,CAN,1995,0.6900000000000001
Canada,CAN,1996,0.67
Canada,CAN,1997,0.65
Canada,CAN,1998,0.6400000000000001
Canada,CAN,1999,0.63
Canada,CAN,2000,0.6200000000000001
Canada,CAN,2001,0.6200000000000001
Canada,CAN,2002,0.6200000000000001
Canada,CAN,2003,0.61
Canada,CAN,2004,0.61
Canada,CAN,2005,0.61
Canada,CAN,2006,0.6000000000000001
Canada,CAN,2007,0.5900000000000001
Canada,CAN,2008,0.58
Canada,CAN,2009,0.5700000000000001
Canada,CAN,2010,0.5599999999999999
Canada,CAN,2011,0.54
Canada,CAN,2012,0.53
Canada,CAN,2013,0.52
Canada,CAN,2014,0.5
Canada,CAN,2015,0.49000000000000005
China,CHN,1969,11.91
China,CHN,1970,11.33
China,CHN,1971,10.770000000000001
China,CHN,1972,10.21
China,CHN,1973,9.65
China,CHN,1974,9.090000000000002
China,CHN,1975,8.520000000000001
China,CHN,1976,7.98
China,CHN,1977,7.46
China,CHN,1978,7
China,CHN,1979,6.590000000000001
China,CHN,1980,6.24
China,CHN,1981,5.960000000000001
China,CHN,1982,5.74
China,CHN,1983,5.57
China,CHN,1984,5.460000000000001
China,CHN,1985,5.4
China,CHN,1986,5.370000000000001
China,CHN,1987,5.370000000000001
China,CHN,1988,5.390000000000001
China,CHN,1989,5.4
China,CHN,1990,5.38
China,CHN,1991,5.33
China,CHN,1992,5.24
China,CHN,1993,5.1000000000000005
China,CHN,1994,4.93
China,CHN,1995,4.75
China,CHN,1996,4.5600000000000005
China,CHN,1997,4.36
China,CHN,1998,4.15
China,CHN,1999,3.9299999999999997
China,CHN,2000,3.69
China,CHN,2001,3.4299999999999997
China,CHN,2002,3.16
China,CHN,2003,2.89
China,CHN,2004,2.6300000000000003
China,CHN,2005,2.4000000000000004
China,CHN,2006,2.19
China,CHN,2007,2.0100000000000002
China,CHN,2008,1.85
China,CHN,2009,1.7000000000000002
China,CHN,2010,1.57
China,CHN,2011,1.4500000000000002
China,CHN,2012,1.34
China,CHN,2013,1.2300000000000002
China,CHN,2014,1.1400000000000001
China,CHN,2015,1.07
France,FRA,1816,27.3353216
France,FRA,1817,28.352200850000003
France,FRA,1818,29.328733310000004
France,FRA,1819,31.170543190000004
France,FRA,1820,28.43026642
France,FRA,1821,28.71281299
France,FRA,1822,30.91463845
France,FRA,1823,28.88473504
France,FRA,1824,30.52249424
France,FRA,1825,30.55265294
France,FRA,1826,30.368688220000003
France,FRA,1827,28.428960790000005
France,FRA,1828,31.2371965
France,FRA,1829,28.34012272
France,FRA,1830,28.217846100000003
France,FRA,1831,28.24500064
France,FRA,1832,29.72521698
France,FRA,1833,28.608732279999998
France,FRA,1834,33.75403336
France,FRA,1835,27.72566605
France,FRA,1836,25.88140405
France,FRA,1837,27.40168104
France,FRA,1838,28.657868480000005
France,FRA,1839,26.794214080000003
France,FRA,1840,26.058103990000003
France,FRA,1841,26.25191514
France,FRA,1842,27.04015381
France,FRA,1843,26.885417250000003
France,FRA,1844,25.176309240000002
France,FRA,1845,23.697639280000004
France,FRA,1846,27.171251650000002
France,FRA,1847,25.80780985
France,FRA,1848,26.47154228
France,FRA,1849,30.10418052
France,FRA,1850,23.824317120000003
France,FRA,1851,26.203786450000003
France,FRA,1852,26.51648044
France,FRA,1853,24.428746880000002
France,FRA,1854,29.806534
France,FRA,1855,27.90414664
France,FRA,1856,26.9260401
France,FRA,1857,28.605872
France,FRA,1858,28.24542676
France,FRA,1859,34.70190988
France,FRA,1860,24.336506720000003
France,FRA,1861,29.15537043
France,FRA,1862,25.8676354
France,FRA,1863,27.545678950000003
France,FRA,1864,26.538420900000002
France,FRA,1865,28.386207810000002
France,FRA,1866,25.3725619
France,FRA,1867,26.368093360000003
France,FRA,1868,28.87766268
France,FRA,1869,27.37563332
France,FRA,1870,30.056842239999998
France,FRA,1871,34.41903112
France,FRA,1872,25.4987011
France,FRA,1873,26.6441887
France,FRA,1874,24.162214000000002
France,FRA,1875,24.64380892
France,FRA,1876,24.113962900000004
France,FRA,1877,23.766425560000002
France,FRA,1878,25.02664104
France,FRA,1879,23.604918850000004
France,FRA,1880,25.771045750000003
France,FRA,1881,24.535963000000002
France,FRA,1882,24.98139712
France,FRA,1883,24.93642856
France,FRA,1884,26.168941860000004
France,FRA,1885,24.15506576
France,FRA,1886,25.14106512
France,FRA,1887,24.405682600000002
France,FRA,1888,24.345030960000003
France,FRA,1889,23.0974645
France,FRA,1890,25.159603750000002
France,FRA,1891,23.65763
France,FRA,1892,25.15061494
France,FRA,1893,25.089674900000002
France,FRA,1894,22.819789170000004
France,FRA,1895,22.99590699
France,FRA,1896,20.47405045
France,FRA,1897,20.844001750000004
France,FRA,1898,22.977909580000002
France,FRA,1899,23.600525920000003
France,FRA,1900,22.572921700000002
France,FRA,1901,20.8220528
France,FRA,1902,19.768705
France,FRA,1903,19.54633969
France,FRA,1904,20.24614542
France,FRA,1905,19.166749300000003
France,FRA,1906,20.119629540000002
France,FRA,1907,18.456151900000002
France,FRA,1908,18.18636656
France,FRA,1909,16.83241074
France,FRA,1910,16.07178664
France,FRA,1911,20.480716400000002
France,FRA,1912,15.787306100000002
France,FRA,1913,16.3627849
France,FRA,1914,15.630770440000001
France,FRA,1915,16.86690079
France,FRA,1916,16.66152126
France,FRA,1917,18.41060757
France,FRA,1918,22.445293200000002
France,FRA,1919,17.9886564
France,FRA,1920,16.89581824
France,FRA,1921,15.6140752
France,FRA,1922,12.000388700000002
France,FRA,1923,13.47288835
France,FRA,1924,11.970532930000001
France,FRA,1925,12.836209840000002
France,FRA,1926,13.49572236
France,FRA,1927,11.8996726
France,FRA,1928,12.772790700000002
France,FRA,1929,13.10550376
France,FRA,1930,11.00154508
France,FRA,1931,10.5335912
France,FRA,1932,10.71094118
France,FRA,1933,10.11765184
France,FRA,1934,9.85278412
France,FRA,1935,9.271747000000001
France,FRA,1936,9.292325680000001
France,FRA,1937,9.08327116
France,FRA,1938,9.03261778
France,FRA,1939,8.6264964
France,FRA,1940,11.657939930000001
France,FRA,1941,9.54296488
France,FRA,1942,9.75205903
France,FRA,1943,10.3114354
France,FRA,1944,10.689241240000001
France,FRA,1945,13.706374750000002
France,FRA,1946,9.772203560000001
France,FRA,1947,8.3557126
France,FRA,1948,6.556929340000001
France,FRA,1949,6.1000000000000005
France,FRA,1950,5.710000000000001
France,FRA,1951,5.34
France,FRA,1952,4.970000000000001
France,FRA,1953,4.63
France,FRA,1954,4.3100000000000005
France,FRA,1955,4.0200000000000005
France,FRA,1956,3.74
France,FRA,1957,3.48
France,FRA,1958,3.24
France,FRA,1959,3.0300000000000002
France,FRA,1960,2.85
France,FRA,1961,2.7
France,FRA,1962,2.5700000000000003
France,FRA,1963,2.45
France,FRA,1964,2.34
France,FRA,1965,2.23
France,FRA,1966,2.14
France,FRA,1967,2.06
France,FRA,1968,1.99
France,FRA,1969,1.9100000000000001
France,FRA,1970,1.82
France,FRA,1971,1.74
France,FRA,1972,1.6600000000000001
France,FRA,1973,1.59
France,FRA,1974,1.54
France,FRA,1975,1.5
France,FRA,1976,1.4500000000000002
France,FRA,1977,1.3900000000000001
France,FRA,1978,1.33
France,FRA,1979,1.2800000000000002
France,FRA,1980,1.2400000000000002
France,FRA,1981,1.1900000000000002
France,FRA,1982,1.1500000000000001
France,FRA,1983,1.11
France,FRA,1984,1.07
France,FRA,1985,1.03
France,FRA,1986,1
France,FRA,1987,0.9800000000000001
France,FRA,1988,0.96
France,FRA,1989,0.9300000000000002
France,FRA,1990,0.9
France,FRA,1991,0.86
France,FRA,1992,0.81
France,FRA,1993,0.76
France,FRA,1994,0.7000000000000001
France,FRA,1995,0.65
France,FRA,1996,0.61
France,FRA,1997,0.58
France,FRA,1998,0.5599999999999999
France,FRA,1999,0.55
France,FRA,2000,0.54
France,FRA,2001,0.53
France,FRA,2002,0.51
France,FRA,2003,0.49000000000000005
France,FRA,2004,0.47000000000000003
France,FRA,2005,0.45999999999999996
France,FRA,2006,0.45
France,FRA,2007,0.44000000000000006
France,FRA,2008,0.43
France,FRA,2009,0.43
France,FRA,2010,0.43
France,FRA,2011,0.43
France,FRA,2012,0.43
France,FRA,2013,0.44000000000000006
France,FRA,2014,0.44000000000000006
France,FRA,2015,0.43
Germany,DEU,1968,2.72
Germany,DEU,1969,2.64
Germany,DEU,1970,2.5700000000000003
Germany,DEU,1971,2.49
Germany,DEU,1972,2.4000000000000004
Germany,DEU,1973,2.31
Germany,DEU,1974,2.2
Germany,DEU,1975,2.08
Germany,DEU,1976,1.9500000000000002
Germany,DEU,1977,1.83
Germany,DEU,1978,1.7100000000000002
Germany,DEU,1979,1.6
Germany,DEU,1980,1.5
Germany,DEU,1981,1.4100000000000001
Germany,DEU,1982,1.32
Germany,DEU,1983,1.25
Germany,DEU,1984,1.1800000000000002
Germany,DEU,1985,1.11
Germany,DEU,1986,1.06
Germany,DEU,1987,1.01
Germany,DEU,1988,0.9500000000000001
Germany,DEU,1989,0.9
Germany,DEU,1990,0.8500000000000001
Germany,DEU,1991,0.8
Germany,DEU,1992,0.76
Germany,DEU,1993,0.7200000000000001
Germany,DEU,1994,0.68
Germany,DEU,1995,0.65
Germany,DEU,1996,0.6200000000000001
Germany,DEU,1997,0.5900000000000001
Germany,DEU,1998,0.5700000000000001
Germany,DEU,1999,0.55
Germany,DEU,2000,0.54
Germany,DEU,2001,0.52
Germany,DEU,2002,0.51
Germany,DEU,2003,0.5
Germany,DEU,2004,0.49000000000000005
Germany,DEU,2005,0.47000000000000003
Germany,DEU,2006,0.45999999999999996
Germany,DEU,2007,0.45
Germany,DEU,2008,0.44000000000000006
Germany,DEU,2009,0.43
Germany,DEU,2010,0.42000000000000004
Germany,DEU,2011,0.41
Germany,DEU,2012,0.4
Germany,DEU,2013,0.39
Germany,DEU,2014,0.38
Germany,DEU,2015,0.37000000000000005
Japan,JPN,1947,14.80618428
Japan,JPN,1948,9.91924084
Japan,JPN,1949,10.100000000000001
Japan,JPN,1950,9.13
Japan,JPN,1951,8.26
Japan,JPN,1952,7.490000000000001
Japan,JPN,1953,6.840000000000001
Japan,JPN,1954,6.28
Japan,JPN,1955,5.800000000000001
Japan,JPN,1956,5.4
Japan,JPN,1957,5.03
Japan,JPN,1958,4.68
Japan,JPN,1959,4.33
Japan,JPN,1960,3.9700000000000006
Japan,JPN,1961,3.6200000000000006
Japan,JPN,1962,3.28
Japan,JPN,1963,2.97
Japan,JPN,1964,2.7
Japan,JPN,1965,2.4600000000000004
Japan,JPN,1966,2.2600000000000002
Japan,JPN,1967,2.1
Japan,JPN,1968,1.9600000000000002
Japan,JPN,1969,1.85
Japan,JPN,1970,1.75
Japan,JPN,1971,1.6500000000000001
Japan,JPN,1972,1.57
Japan,JPN,1973,1.4900000000000002
Japan,JPN,1974,1.4100000000000001
Japan,JPN,1975,1.33
Japan,JPN,1976,1.25
Japan,JPN,1977,1.1800000000000002
Japan,JPN,1978,1.11
Japan,JPN,1979,1.05
Japan,JPN,1980,0.9900000000000001
Japan,JPN,1981,0.9300000000000002
Japan,JPN,1982,0.8800000000000001
Japan,JPN,1983,0.8300000000000001
Japan,JPN,1984,0.79
Japan,JPN,1985,0.75
Japan,JPN,1986,0.71
Japan,JPN,1987,0.68
Japan,JPN,1988,0.66
Japan,JPN,1989,0.6400000000000001
Japan,JPN,1990,0.63
Japan,JPN,1991,0.6200000000000001
Japan,JPN,1992,0.61
Japan,JPN,1993,0.6000000000000001
Japan,JPN,1994,0.5900000000000001
Japan,JPN,1995,0.5700000000000001
Japan,JPN,1996,0.55
Japan,JPN,1997,0.52
Japan,JPN,1998,0.5
Japan,JPN,1999,0.47000000000000003
Japan,JPN,2000,0.45
Japan,JPN,2001,0.43
Japan,JPN,2002,0.41
Japan,JPN,2003,0.4
Japan,JPN,2004,0.39
Japan,JPN,2005,0.37000000000000005
Japan,JPN,2006,0.36000000000000004
Japan,JPN,2007,0.35000000000000003
Japan,JPN,2008,0.34
Japan,JPN,2009,0.33
Japan,JPN,2010,0.32000000000000006
Japan,JPN,2011,0.34
Japan,JPN,2012,0.30000000000000004
Japan,JPN,2013,0.29
Japan,JPN,2014,0.27999999999999997
Japan,JPN,2015,0.27
Russia,RUS,1959,6.300131712000001
Russia,RUS,1960,5.5788854400000005
Russia,RUS,1961,4.950480648
Russia,RUS,1962,4.78278708
Russia,RUS,1963,4.540447128
Russia,RUS,1964,4.1344896
Russia,RUS,1965,3.8926700640000003
Russia,RUS,1966,3.7423473000000005
Russia,RUS,1967,3.69797112
Russia,RUS,1968,3.708009768
Russia,RUS,1969,3.597719196
Russia,RUS,1970,4.420000000000001
Russia,RUS,1971,4.24
Russia,RUS,1972,4.07
Russia,RUS,1973,3.9200000000000004
Russia,RUS,1974,3.7700000000000005
Russia,RUS,1975,3.66
Russia,RUS,1976,3.5600000000000005
Russia,RUS,1977,3.48
Russia,RUS,1978,3.4200000000000004
Russia,RUS,1979,3.3600000000000003
Russia,RUS,1980,3.3000000000000003
Russia,RUS,1981,3.25
Russia,RUS,1982,3.19
Russia,RUS,1983,3.1300000000000003
Russia,RUS,1984,3.0700000000000003
Russia,RUS,1985,3
Russia,RUS,1986,2.91
Russia,RUS,1987,2.8100000000000005
Russia,RUS,1988,2.72
Russia,RUS,1989,2.64
Russia,RUS,1990,2.6
Russia,RUS,1991,2.59
Russia,RUS,1992,2.6100000000000003
Russia,RUS,1993,2.6300000000000003
Russia,RUS,1994,2.64
Russia,RUS,1995,2.64
Russia,RUS,1996,2.6
Russia,RUS,1997,2.5600000000000005
Russia,RUS,1998,2.5
Russia,RUS,1999,2.42
Russia,RUS,2000,2.32
Russia,RUS,2001,2.2
Russia,RUS,2002,2.07
Russia,RUS,2003,1.9300000000000002
Russia,RUS,2004,1.8
Russia,RUS,2005,1.67
Russia,RUS,2006,1.55
Russia,RUS,2007,1.4400000000000002
Russia,RUS,2008,1.35
Russia,RUS,2009,1.27
Russia,RUS,2010,1.2000000000000002
Russia,RUS,2011,1.1400000000000001
Russia,RUS,2012,1.08
Russia,RUS,2013,1.04
Russia,RUS,2014,0.9900000000000001
Russia,RUS,2015,0.96
Turkey,TUR,1953,28.650000000000002
Turkey,TUR,1954,28.150000000000002
Turkey,TUR,1955,27.650000000000002
Turkey,TUR,1956,27.160000000000004
Turkey,TUR,1957,26.650000000000002
Turkey,TUR,1958,26.12
Turkey,TUR,1959,25.540000000000003
Turkey,TUR,1960,24.900000000000002
Turkey,TUR,1961,24.230000000000004
Turkey,TUR,1962,23.55
Turkey,TUR,1963,22.87
Turkey,TUR,1964,22.19
Turkey,TUR,1965,21.540000000000003
Turkey,TUR,1966,20.930000000000003
Turkey,TUR,1967,20.340000000000003
Turkey,TUR,1968,19.78
Turkey,TUR,1969,19.230000000000004
Turkey,TUR,1970,18.69
Turkey,TUR,1971,18.150000000000002
Turkey,TUR,1972,17.59
Turkey,TUR,1973,17.03
Turkey,TUR,1974,16.45
Turkey,TUR,1975,15.86
Turkey,TUR,1976,15.27
Turkey,TUR,1977,14.67
Turkey,TUR,1978,14.07
Turkey,TUR,1979,13.469999999999999
Turkey,TUR,1980,12.87
Turkey,TUR,1981,12.270000000000001
Turkey,TUR,1982,11.670000000000002
Turkey,TUR,1983,11.07
Turkey,TUR,1984,10.490000000000002
Turkey,TUR,1985,9.93
Turkey,TUR,1986,9.39
Turkey,TUR,1987,8.870000000000001
Turkey,TUR,1988,8.370000000000001
Turkey,TUR,1989,7.9
Turkey,TUR,1990,7.45
Turkey,TUR,1991,7.03
Turkey,TUR,1992,6.63
Turkey,TUR,1993,6.24
Turkey,TUR,1994,5.88
Turkey,TUR,1995,5.5200000000000005
Turkey,TUR,1996,5.18
Turkey,TUR,1997,4.86
Turkey,TUR,1998,4.54
Turkey,TUR,1999,4.24
Turkey,TUR,2000,3.9600000000000004
Turkey,TUR,2001,3.69
Turkey,TUR,2002,3.44
Turkey,TUR,2003,3.2
Turkey,TUR,2004,2.97
Turkey,TUR,2005,2.77
Turkey,TUR,2006,2.5700000000000003
Turkey,TUR,2007,2.39
Turkey,TUR,2008,2.22
Turkey,TUR,2009,2.06
Turkey,TUR,2010,1.9100000000000001
Turkey,TUR,2011,1.7800000000000002
Turkey,TUR,2012,1.6500000000000001
Turkey,TUR,2013,1.54
Turkey,TUR,2014,1.4300000000000002
Turkey,TUR,2015,1.35
United Kingdom,GBR,1922,12.132101350000001
United Kingdom,GBR,1923,10.339778440000002
United Kingdom,GBR,1924,11.529318680000001
United Kingdom,GBR,1925,11.32542544
United Kingdom,GBR,1926,10.40492137
United Kingdom,GBR,1927,10.453366800000001
United Kingdom,GBR,1928,9.86679236
United Kingdom,GBR,1929,11.460787340000001
United Kingdom,GBR,1930,9.067236560000001
United Kingdom,GBR,1931,9.662597680000001
United Kingdom,GBR,1932,9.38481942
United Kingdom,GBR,1933,8.861036
United Kingdom,GBR,1934,8.733298240000002
United Kingdom,GBR,1935,8.12421028
United Kingdom,GBR,1936,8.4122704
United Kingdom,GBR,1937,8.11592875
United Kingdom,GBR,1938,7.42892495
United Kingdom,GBR,1939,6.6537855100000005
United Kingdom,GBR,1940,7.812821340000001
United Kingdom,GBR,1941,8.2066902
United Kingdom,GBR,1942,6.86905173
United Kingdom,GBR,1943,6.5905644
United Kingdom,GBR,1944,6.06984108
United Kingdom,GBR,1945,5.62201696
United Kingdom,GBR,1946,5.4673486
United Kingdom,GBR,1947,5.46300992
United Kingdom,GBR,1948,4.0856721899999995
United Kingdom,GBR,1949,3.8100000000000005
United Kingdom,GBR,1950,3.66
United Kingdom,GBR,1951,3.5100000000000002
United Kingdom,GBR,1952,3.3600000000000003
United Kingdom,GBR,1953,3.2100000000000004
United Kingdom,GBR,1954,3.08
United Kingdom,GBR,1955,2.9600000000000004
United Kingdom,GBR,1956,2.87
United Kingdom,GBR,1957,2.8000000000000003
United Kingdom,GBR,1958,2.74
United Kingdom,GBR,1959,2.7
United Kingdom,GBR,1960,2.66
United Kingdom,GBR,1961,2.6100000000000003
United Kingdom,GBR,1962,2.5600000000000005
United Kingdom,GBR,1963,2.49
United Kingdom,GBR,1964,2.42
United Kingdom,GBR,1965,2.34
United Kingdom,GBR,1966,2.2800000000000002
United Kingdom,GBR,1967,2.22
United Kingdom,GBR,1968,2.18
United Kingdom,GBR,1969,2.14
United Kingdom,GBR,1970,2.1
United Kingdom,GBR,1971,2.06
United Kingdom,GBR,1972,2.0100000000000002
United Kingdom,GBR,1973,1.94
United Kingdom,GBR,1974,1.87
United Kingdom,GBR,1975,1.8
United Kingdom,GBR,1976,1.72
United Kingdom,GBR,1977,1.6500000000000001
United Kingdom,GBR,1978,1.57
United Kingdom,GBR,1979,1.4900000000000002
United Kingdom,GBR,1980,1.4100000000000001
United Kingdom,GBR,1981,1.34
United Kingdom,GBR,1982,1.27
United Kingdom,GBR,1983,1.22
United Kingdom,GBR,1984,1.17
United Kingdom,GBR,1985,1.1400000000000001
United Kingdom,GBR,1986,1.11
United Kingdom,GBR,1987,1.08
United Kingdom,GBR,1988,1.04
United Kingdom,GBR,1989,0.9900000000000001
United Kingdom,GBR,1990,0.9300000000000002
United Kingdom,GBR,1991,0.87
United Kingdom,GBR,1992,0.82
United Kingdom,GBR,1993,0.78
United Kingdom,GBR,1994,0.7400000000000001
United Kingdom,GBR,1995,0.7200000000000001
United Kingdom,GBR,1996,0.7000000000000001
United Kingdom,GBR,1997,0.6900000000000001
United Kingdom,GBR,1998,0.68
United Kingdom,GBR,1999,0.67
United Kingdom,GBR,2000,0.66
United Kingdom,GBR,2001,0.6400000000000001
United Kingdom,GBR,2002,0.63
United Kingdom,GBR,2003,0.63
United Kingdom,GBR,2004,0.61
United Kingdom,GBR,2005,0.6000000000000001
United Kingdom,GBR,2006,0.5900000000000001
United Kingdom,GBR,2007,0.58
United Kingdom,GBR,2008,0.5599999999999999
United Kingdom,GBR,2009,0.54
United Kingdom,GBR,2010,0.52
United Kingdom,GBR,2011,0.5
United Kingdom,GBR,2012,0.48
United Kingdom,GBR,2013,0.45999999999999996
United Kingdom,GBR,2014,0.44000000000000006
United Kingdom,GBR,2015,0.42000000000000004
United States,USA,1933,7.6815758700000005
United States,USA,1934,8.40995964
United States,USA,1935,7.62530158
United States,USA,1936,7.68483298
United States,USA,1937,7.42871785
United States,USA,1938,7.021411329999999
United States,USA,1939,6.34288836
United States,USA,1940,6.237331300000001
United States,USA,1941,6.07887096
United States,USA,1942,5.505501840000001
United States,USA,1943,5.407411
United States,USA,1944,5.077495170000001
United States,USA,1945,4.87186336
United States,USA,1946,4.69858633
United States,USA,1947,4.2996117400000005
United States,USA,1948,3.98782242
United States,USA,1949,3.8700000000000006
United States,USA,1950,3.7700000000000005
United States,USA,1951,3.66
United States,USA,1952,3.5600000000000005
United States,USA,1953,3.4700000000000006
United States,USA,1954,3.38
United States,USA,1955,3.3000000000000003
United States,USA,1956,3.23
United States,USA,1957,3.17
United States,USA,1958,3.12
United States,USA,1959,3.0600000000000005
United States,USA,1960,3.0100000000000002
United States,USA,1961,2.95
United States,USA,1962,2.89
United States,USA,1963,2.83
United States,USA,1964,2.77
United States,USA,1965,2.7100000000000004
United States,USA,1966,2.64
United States,USA,1967,2.5700000000000003
United States,USA,1968,2.49
United States,USA,1969,2.41
United States,USA,1970,2.33
United States,USA,1971,2.2399999999999998
United States,USA,1972,2.15
United States,USA,1973,2.06
United States,USA,1974,1.97
United States,USA,1975,1.8800000000000001
United States,USA,1976,1.79
United States,USA,1977,1.7100000000000002
United States,USA,1978,1.6300000000000001
United States,USA,1979,1.56
United States,USA,1980,1.5
United States,USA,1981,1.4400000000000002
United States,USA,1982,1.3900000000000001
United States,USA,1983,1.34
United States,USA,1984,1.3
United States,USA,1985,1.27
United States,USA,1986,1.2400000000000002
United States,USA,1987,1.22
United States,USA,1988,1.1900000000000002
United States,USA,1989,1.16
United States,USA,1990,1.1199999999999999
United States,USA,1991,1.09
United States,USA,1992,1.05
United States,USA,1993,1.01
United States,USA,1994,0.9800000000000001
United States,USA,1995,0.9500000000000001
United States,USA,1996,0.9199999999999999
United States,USA,1997,0.8900000000000001
United States,USA,1998,0.87
United States,USA,1999,0.86
United States,USA,2000,0.8400000000000001
United States,USA,2001,0.8300000000000001
United States,USA,2002,0.82
United States,USA,2003,0.81
United States,USA,2004,0.81
United States,USA,2005,0.8
United States,USA,2006,0.79
United States,USA,2007,0.78
United States,USA,2008,0.77
United States,USA,2009,0.75
United States,USA,2010,0.7400000000000001
United States,USA,2011,0.7200000000000001
United States,USA,2012,0.71
United States,USA,2013,0.6900000000000001
United States,USA,2014,0.67
United States,USA,2015,0.65